,Title,Price(T)
0,پرینتر کانن مدل imageclass MF3010 لیزری چندکاره,8750000
1,پرینتر اچ پی مدل Laser 107w لیزری,5640000
2,پرینتر اچ پی مدل LaserJet Pro MFP M28a لیزری چندکاره,8249000
3,پرینتر اچ پی مدل Laser MFP 135a لیزری چندکاره,8100000
4,پرینتر کانن مدل imageCLASS MF235 لیزری چندکاره,15990000
5,پرینتر اچ پی مدل LaserJet Pro M404dw لیزری,14699000
6,پرینتر اچ پی مدل LaserJet M111a لیزری,4249000
7,پرینتر اپسون مدل L5290,16450000
8,پرینتر اچ پی مدل Neverstop Laser 1000A لیزری,4999000
9,پرینتر اچ پی مدل LaserJet Pro M304a لیزری,9499000
10,پرینتر اچ پی مدل LaserJet Pro MFP M130nw لیزری چندکاره,14700000
11,پرینتر اچ پی مدل Laser 107a لیزری,4740000
12,پرینتر اپسون مدل EcoTank L3260 جوهر افشان چندکاره,10850000
13,پرینتر اپسون مدل L3210 جوهرافشان,7590000
14,پرینتر اپسون مدل L3211 جوهرافشان,7770000
15,پرینتر اچ پی مدل LaserJet M211dw لیزری,6849000
16,پرینتر اچ پی مدل LaserJet Pro M255dw لیزری رنگی,16099000
17,پرینتر اولیوتی مدل PR2 Plus Display سوزنی,35300000
18,پرینتر میوا مدل TP-UNW حرارتی,3390000
19,پرینتر کانن مدل imageCLASS LBP6030 لیزری,4990000
20,پرینتر اچ پی مدل LaserJet Pro MFP M227fdw لیزری,18389000
21,پرینتر اچ پی مدل Color LaserJet Pro MFP M283fdw لیزری رنگی چندکاره,24599000
22,پرینتر کانن مدل imageCLASS LBP6033,4888000
23,پرینتر اچ پی مدل Color LaserJet Pro MFP M479dw چندکاره لیزری,27699000
24,پرینتر اچ پی مدل LaserJet MFP M725dn لیزری چند کاره,178000000
25,پرینتر اچ پی مدل LaserJet MFP M443nda لیزری چند کاره,60999000
26,پرینتر میوا مدل TP-1200 حرارتی,4150000
27,پرینتر میوا مدل MBP 1000 لیبل زن,7490000
28,پرینتر اپسون مدل EcoTank L121 جوهر افشان,6250000
29,پرینتر برادر مدل MFC-L2750DW لیزری چندکاره,17999000
30,پرینتر اچ‌ پی مدل LaserJet MFP M438n لیزری چندکاره,29499000
31,پرینتر اچ‌ پی مدل LaserJet Pro M203dn لیزری,12399000
32,پرینتر میوا مدل MBP 4200 لیبل زن,5399000
33,پرینتر میوا مدل MBP 4300 لیبل زن,5650000
34,پرینتر میوا مدل TP-UN حرارتی,3350000
35,پرینتر اپسون مدل L805 جوهرافشان,16300000
36,پرینتر برادر مدل MFC-L8690CDW لیزری رنگی چندکاره,32499000
37,پرینتر اچ پی مدل LaserJet Enterprise M554dn لیزری رنگی,25698000
38,پرینتر اچ پی مدل LaserJet Pro CP5225dn لیزری رنگی,48999000
39,پرینتر اچ پی مدل Color LaserJet Pro M454dw لیزری رنگی,22399000
40,پرینتر اچ پی مدل Color LaserJet Enterprise M751dn لیزری رنگی,164979000
41,پرینتر اچ پی مدل LaserJet Enterprise M455dn لیزری رنگی,24449000
42,پرینتر اچ پی مدل Color LaserJet Enterprise M653dn لیزری رنگی,87998000
43,پرینتر اچ پی مدل LaserJet Pro M404dn لیزری,13880000
44,پرینتر برادر مدل MFC-L5755DW لیزری چندکاره,23319000
45,پرینتر اچ پی مدل LaserJet Pro 500 color MFP M570dw لیزری رنگی چندکاره,129500000
46,پرینتر اچ پی مدل Color LaserJet MFP 179fnw لیزری رنگی چندکاره,19599000
47,پرینتر اچ پی مدل Laser MFP 135w لیزری چندکاره,9050000
48,پرینتر اچ پی مدل LaserJet Pro M12w لیزری,18199000
49,پرینتر اچ پی مدل LaserJet Enterprise M608n لیزری,63989000
50,پرینتر اچ پی مدل LaserJet Pro MFP M428fdn لیزری چندکاره,30000000
51,پرینتر اچ پی مدل LaserJet Pro MFP M182n لیزری رنگی چندکاره,14899000
52,پرینتر اچ پی مدل LaserJet Enterprise M607n لیزری,56998000
53,پرینتر اچ پی مدل LaserJet Enterprise M607dn لیزری,58999000
54,پرینتر اچ پی مدل Pro M435NW لیزری,68199000
55,پرینتر اچ پی مدل LaserJet MFP M436n لیزری چندکاره,59898000
56,پرینتر اچ پی مدل LaserJet MFP M442dn لیزری چندکاره,34448000
57,پرینتر اچ پی مدل Color LaserJet Enterprise M555dn لیزری,27699000
58,پرینتر اچ پی مدل LaserJet Pro MFP M183fw لیزری چندکاره,23099000
59,پرینتر اچ پی مدل LaserJet Pro MFP M281fdn لیزری رنگی,56799000
60,پرینتر اچ پی مدل Color LaserJet Pro MFP M283fdn لیزری چندکاره,24999000
61,پرینتر اچ پی مدل Color LaserJet Pro MFP M479fnw لیزری چندکاره,29289000
62,پرینتر اچ پی مدل LaserJet Enterprise 700 M712dn لیزری,68299000
63,پرینتر اچ پی مدل Color LaserJet Pro MFP M479fdn لیزری رنگی,29799000
64,پرینتر اچ پی مدل Color LaserJet Pro MFP M479fdw لیزری رنگی,30379000
65,پرینتر اچ پی مدل LaserJet Pro M404n لیزری,13699000
